Time Increment, Driver's name, Company Name, CrateID, Crate Value, Status
2,Chuck "Cargo Cowboy" Collins,BubbleWrap Express,56674887,$225.59,UNLOADED,
3,Chuck "Cargo Cowboy" Collins,BubbleWrap Express,17730686,$171.00,UNLOADED,
4,Chuck "Cargo Cowboy" Collins,BubbleWrap Express,58279798,$471.91,UNLOADED,
4,Gary "Gravel Grinder" Gordon,KnightShift Deliveries,22935635,$423.24,UNLOADED,
5,Chuck "Cargo Cowboy" Collins,BubbleWrap Express,68690231,$270.73,UNLOADED,
5,Gary "Gravel Grinder" Gordon,KnightShift Deliveries,49939586,$487.59,UNLOADED,
6,Chuck "Cargo Cowboy" Collins,BubbleWrap Express,79558621,$441.84,UNLOADED,
6,Gary "Gravel Grinder" Gordon,KnightShift Deliveries,82700682,$288.23,UNLOADED AND NO REPLACEMENT,
7,Chuck "Cargo Cowboy" Collins,BubbleWrap Express,02729397,$192.49,UNLOADED AND NO REPLACEMENT,
8,Doug "Dangerous Curve" Duncan,NinjaNest Express,53055742,$373.58,UNLOADED,
9,Doug "Dangerous Curve" Duncan,NinjaNest Express,94950391,$330.03,UNLOADED,
10,Doug "Dangerous Curve" Duncan,NinjaNest Express,52057366,$394.47,UNLOADED,
11,Doug "Dangerous Curve" Duncan,NinjaNest Express,06220945,$75.46,UNLOADED AND NO REPLACEMENT,
13,Doug "Dangerous Curve" Duncan,ApolloAstronautics,32796284,$52.42,UNLOADED,
14,Doug "Dangerous Curve" Duncan,ApolloAstronautics,72859644,$250.82,UNLOADED,
14,Wayne "Wheeler Warrior" Warren,SecretAgent Shipping,63205373,$359.50,UNLOADED AND NO REPLACEMENT,
15,Doug "Dangerous Curve" Duncan,ApolloAstronautics,32473465,$193.81,UNLOADED AND NO REPLACEMENT,
17,Emily "Express Lane" Ellis,UPSpeedy Parcel,84609902,$56.39,UNLOADED,
18,Emily "Express Lane" Ellis,UPSpeedy Parcel,83659227,$359.67,UNLOADED,
18,Rachel "Ramp Runner" Ramirez,DHLuxe Deliveries,28669549,$98.05,UNLOADED,
19,Emily "Express Lane" Ellis,UPSpeedy Parcel,39935835,$410.57,UNLOADED,
19,Rachel "Ramp Runner" Ramirez,DHLuxe Deliveries,86426052,$299.30,UNLOADED,
19,Sam "Speed Demon" Stewart,Leprechaun Logistics,91931448,$413.33,UNLOADED,
20,Emily "Express Lane" Ellis,UPSpeedy Parcel,41558859,$366.15,UNLOADED,
20,Rachel "Ramp Runner" Ramirez,DHLuxe Deliveries,83530340,$257.43,UNLOADED,
20,Sam "Speed Demon" Stewart,Leprechaun Logistics,80970594,$65.79,UNLOADED,
21,Emily "Express Lane" Ellis,UPSpeedy Parcel,00912602,$459.14,UNLOADED,
21,Rachel "Ramp Runner" Ramirez,DHLuxe Deliveries,49669005,$96.15,UNLOADED,
21,Sam "Speed Demon" Stewart,Leprechaun Logistics,98613103,$168.06,UNLOADED,
22,Emily "Express Lane" Ellis,UPSpeedy Parcel,40022102,$247.86,UNLOADED,
22,Rachel "Ramp Runner" Ramirez,DHLuxe Deliveries,82535005,$161.92,UNLOADED,
22,Sam "Speed Demon" Stewart,Leprechaun Logistics,43529684,$63.99,UNLOADED,
23,Emily "Express Lane" Ellis,UPSpeedy Parcel,36638107,$396.64,UNLOADED,
23,Rachel "Ramp Runner" Ramirez,DHLuxe Deliveries,50328569,$53.89,UNLOADED,
23,Sam "Speed Demon" Stewart,Leprechaun Logistics,50065799,$310.06,UNLOADED,
23,Gary "Gravel Grinder" Gordon,ApolloAstronautics,08608133,$482.84,UNLOADED,
24,Emily "Express Lane" Ellis,UPSpeedy Parcel,57815170,$122.58,UNLOADED,
24,Rachel "Ramp Runner" Ramirez,DHLuxe Deliveries,97042717,$468.95,UNLOADED,
24,Sam "Speed Demon" Stewart,Leprechaun Logistics,27692995,$253.95,UNLOADED,
24,Gary "Gravel Grinder" Gordon,ApolloAstronautics,94513978,$226.47,UNLOADED,
24,Andrea "Acceleration Ace" Adams,TimeMachine Transport,98424841,$165.31,UNLOADED,
25,Emily "Express Lane" Ellis,UPSpeedy Parcel,94366445,$228.75,UNLOADED,
25,Rachel "Ramp Runner" Ramirez,DHLuxe Deliveries,14692515,$93.54,UNLOADED,
25,Sam "Speed Demon" Stewart,Leprechaun Logistics,10732727,$303.99,UNLOADED AND NO REPLACEMENT,
25,Gary "Gravel Grinder" Gordon,ApolloAstronautics,89329389,$189.20,UNLOADED,
25,Andrea "Acceleration Ace" Adams,TimeMachine Transport,52251087,$248.66,UNLOADED,
25,Donna "Diesel Dynamo" Diaz,DinoDispatch,71527515,$63.09,UNLOADED,
26,Emily "Express Lane" Ellis,UPSpeedy Parcel,04894180,$114.75,UNLOADED AND NO REPLACEMENT,
26,Rachel "Ramp Runner" Ramirez,DHLuxe Deliveries,53638544,$76.00,UNLOADED AND NO REPLACEMENT,
26,Gary "Gravel Grinder" Gordon,ApolloAstronautics,21960872,$489.11,UNLOADED,
26,Andrea "Acceleration Ace" Adams,TimeMachine Transport,19920239,$373.65,UNLOADED,
26,Donna "Diesel Dynamo" Diaz,DinoDispatch,25419892,$216.12,UNLOADED,
27,Gary "Gravel Grinder" Gordon,ApolloAstronautics,66721529,$85.91,UNLOADED,
27,Andrea "Acceleration Ace" Adams,TimeMachine Transport,75697767,$351.63,UNLOADED,
27,Donna "Diesel Dynamo" Diaz,DinoDispatch,90564862,$259.48,UNLOADED,
28,Sandra "Semi Siren" Spencer,SwiftShip Express,84783476,$145.40,UNLOADED,
28,Gary "Gravel Grinder" Gordon,ApolloAstronautics,19512290,$191.46,UNLOADED,
28,Andrea "Acceleration Ace" Adams,TimeMachine Transport,60833134,$149.53,UNLOADED,
28,Donna "Diesel Dynamo" Diaz,DinoDispatch,83272337,$287.56,UNLOADED,
29,Sandra "Semi Siren" Spencer,SwiftShip Express,98535154,$108.26,UNLOADED,
29,Frank "Highway Hero" Harris,MonsterMover Express,73746188,$203.69,UNLOADED,
29,Gary "Gravel Grinder" Gordon,ApolloAstronautics,64713951,$294.44,UNLOADED,
29,Andrea "Acceleration Ace" Adams,TimeMachine Transport,80130744,$118.76,UNLOADED,
29,Donna "Diesel Dynamo" Diaz,DinoDispatch,55694753,$106.06,UNLOADED,
30,Sandra "Semi Siren" Spencer,SwiftShip Express,93843262,$310.66,UNLOADED,
30,Frank "Highway Hero" Harris,MonsterMover Express,60320551,$443.76,UNLOADED,
30,Rachel "Ramp Runner" Ramirez,StellarDelivery,60540815,$298.23,UNLOADED,
30,Gary "Gravel Grinder" Gordon,ApolloAstronautics,72048499,$205.78,UNLOADED AND NO REPLACEMENT,
30,Andrea "Acceleration Ace" Adams,TimeMachine Transport,20077027,$104.40,UNLOADED,
30,Donna "Diesel Dynamo" Diaz,DinoDispatch,58139199,$209.18,UNLOADED,
31,Sandra "Semi Siren" Spencer,SwiftShip Express,08774093,$378.32,UNLOADED,
31,Frank "Highway Hero" Harris,MonsterMover Express,40644074,$174.35,UNLOADED AND NO REPLACEMENT,
31,Rachel "Ramp Runner" Ramirez,StellarDelivery,37516039,$293.38,UNLOADED,
31,Andrea "Acceleration Ace" Adams,TimeMachine Transport,30979204,$448.64,UNLOADED,
31,Donna "Diesel Dynamo" Diaz,DinoDispatch,40697583,$78.49,UNLOADED,
32,Sandra "Semi Siren" Spencer,SwiftShip Express,16988029,$452.48,UNLOADED,
32,Mark "Mud Mover" Morris,BuzzyBee Deliveries,44160491,$169.83,UNLOADED,
32,Rachel "Ramp Runner" Ramirez,StellarDelivery,51183491,$214.73,UNLOADED,
32,Andrea "Acceleration Ace" Adams,TimeMachine Transport,87039927,$412.48,UNLOADED,
32,Donna "Diesel Dynamo" Diaz,DinoDispatch,05102959,$57.65,UNLOADED,
33,Sandra "Semi Siren" Spencer,SwiftShip Express,70295590,$277.48,UNLOADED,
33,Mark "Mud Mover" Morris,BuzzyBee Deliveries,67754821,$241.86,UNLOADED,
33,Rachel "Ramp Runner" Ramirez,StellarDelivery,95972809,$327.36,UNLOADED,
33,Andrea "Acceleration Ace" Adams,TimeMachine Transport,97736217,$260.77,UNLOADED AND NO REPLACEMENT,
33,Donna "Diesel Dynamo" Diaz,DinoDispatch,83481449,$307.56,UNLOADED,
34,Sandra "Semi Siren" Spencer,SwiftShip Express,71151768,$368.82,UNLOADED,
34,Mark "Mud Mover" Morris,BuzzyBee Deliveries,09289776,$459.09,UNLOADED,
34,Rachel "Ramp Runner" Ramirez,StellarDelivery,35668388,$353.63,UNLOADED,
34,Ray "Roadway Ranger" Rogers,Robin Hood Couriers,39685960,$438.52,UNLOADED,
34,Donna "Diesel Dynamo" Diaz,DinoDispatch,91822563,$267.73,UNLOADED AND NO REPLACEMENT,
35,Sandra "Semi Siren" Spencer,SwiftShip Express,22231829,$121.97,UNLOADED,
35,Mark "Mud Mover" Morris,BuzzyBee Deliveries,08940753,$310.56,UNLOADED AND NO REPLACEMENT,
35,Rachel "Ramp Runner" Ramirez,StellarDelivery,47505043,$436.39,UNLOADED,
35,Ray "Roadway Ranger" Rogers,Robin Hood Couriers,59356272,$334.59,UNLOADED,
36,Sandra "Semi Siren" Spencer,SwiftShip Express,48628499,$284.75,UNLOADED,
36,Nancy "Nitro" Nelson,DinoDispatch,18193653,$293.23,UNLOADED,
36,Rachel "Ramp Runner" Ramirez,StellarDelivery,70434995,$417.27,UNLOADED,
36,Ray "Roadway Ranger" Rogers,Robin Hood Couriers,78819026,$352.24,UNLOADED,
37,Sandra "Semi Siren" Spencer,SwiftShip Express,20542102,$306.10,UNLOADED AND NO REPLACEMENT,
37,Nancy "Nitro" Nelson,DinoDispatch,60599455,$408.14,UNLOADED AND NO REPLACEMENT,
37,Rachel "Ramp Runner" Ramirez,StellarDelivery,81784972,$372.99,UNLOADED,
37,Ray "Roadway Ranger" Rogers,Robin Hood Couriers,36509031,$83.76,UNLOADED,
37,Judy "Junction Jockey" Johnson,Ewok Express,24740704,$249.71,UNLOADED,
38,Rachel "Ramp Runner" Ramirez,StellarDelivery,08579456,$65.89,UNLOADED AND NO REPLACEMENT,
38,Ray "Roadway Ranger" Rogers,Robin Hood Couriers,44135590,$451.97,UNLOADED,
38,Judy "Junction Jockey" Johnson,Ewok Express,59755574,$274.03,UNLOADED,
39,Wendy "Wheels" Wilson,DragonWings Express,20052786,$253.58,UNLOADED,
39,Ray "Roadway Ranger" Rogers,Robin Hood Couriers,87330953,$107.97,UNLOADED,
39,Judy "Junction Jockey" Johnson,Ewok Express,48540824,$161.63,UNLOADED,
40,Wendy "Wheels" Wilson,DragonWings Express,24660735,$259.14,UNLOADED AND NO REPLACEMENT,
40,Ray "Roadway Ranger" Rogers,Robin Hood Couriers,64684304,$438.66,UNLOADED,
40,Judy "Junction Jockey" Johnson,Ewok Express,76524229,$108.62,UNLOADED,
41,Joe "Overdrive" O'Brien,BuzzyBee Deliveries,55494711,$431.38,UNLOADED,
41,Ray "Roadway Ranger" Rogers,Robin Hood Couriers,16965881,$204.00,UNLOADED AND NO REPLACEMENT,
41,Judy "Junction Jockey" Johnson,Ewok Express,03829402,$116.51,UNLOADED AND NO REPLACEMENT,
42,Joe "Overdrive" O'Brien,BuzzyBee Deliveries,24467522,$429.08,UNLOADED,
42,Cindy "Concrete Cowboy" Carter,VikingVoyage,21472289,$448.99,UNLOADED,
43,Joe "Overdrive" O'Brien,BuzzyBee Deliveries,74577536,$382.69,UNLOADED AND NO REPLACEMENT,
43,Cindy "Concrete Cowboy" Carter,VikingVoyage,46617523,$313.11,UNLOADED AND NO REPLACEMENT,
"$9,800.00","$31,680.37","$21,880.37",
