Time Increment, Driver's name, Company Name, CrateID, Crate Value, Status
9,Donna "Diesel Dynamo" Diaz,X-Files Deliveries,49102095,$428.43,UNLOADED,
10,Donna "Diesel Dynamo" Diaz,X-Files Deliveries,10197633,$84.21,UNLOADED,
10,Emily "Express Lane" Ellis,Amazonia Deliveries,11251856,$227.02,UNLOADED,
11,Donna "Diesel Dynamo" Diaz,X-Files Deliveries,58425797,$407.68,UNLOADED,
11,Emily "Express Lane" Ellis,Amazonia Deliveries,21463563,$83.56,UNLOADED,
11,Chuck "Cargo Cowboy" Collins,PostMates Express,84035173,$409.56,UNLOADED,
12,Donna "Diesel Dynamo" Diaz,X-Files Deliveries,77818029,$186.43,UNLOADED,
12,Emily "Express Lane" Ellis,Amazonia Deliveries,09442162,$51.17,UNLOADED,
12,Chuck "Cargo Cowboy" Collins,PostMates Express,01699032,$234.38,UNLOADED,
13,Donna "Diesel Dynamo" Diaz,X-Files Deliveries,19218490,$470.09,UNLOADED,
13,Emily "Express Lane" Ellis,Amazonia Deliveries,45914540,$387.57,UNLOADED,
13,Chuck "Cargo Cowboy" Collins,PostMates Express,79965028,$365.04,UNLOADED,
14,Donna "Diesel Dynamo" Diaz,X-Files Deliveries,15541022,$278.40,UNLOADED,
14,Emily "Express Lane" Ellis,Amazonia Deliveries,13615685,$312.88,UNLOADED AND NO REPLACEMENT,
14,Chuck "Cargo Cowboy" Collins,PostMates Express,90925037,$462.48,UNLOADED,
15,Donna "Diesel Dynamo" Diaz,X-Files Deliveries,82086664,$364.73,UNLOADED,
15,Larry "Lugnut" Lawson,Superhero Supply Service,87178465,$370.54,UNLOADED,
15,Chuck "Cargo Cowboy" Collins,PostMates Express,94581819,$421.94,UNLOADED,
16,Donna "Diesel Dynamo" Diaz,X-Files Deliveries,86007877,$253.64,UNLOADED,
16,Larry "Lugnut" Lawson,Superhero Supply Service,61134969,$66.53,UNLOADED,
16,Chuck "Cargo Cowboy" Collins,PostMates Express,25815283,$410.85,UNLOADED,
17,Donna "Diesel Dynamo" Diaz,X-Files Deliveries,75981888,$173.46,UNLOADED AND NO REPLACEMENT,
17,Larry "Lugnut" Lawson,Superhero Supply Service,94011940,$82.29,UNLOADED AND NO REPLACEMENT,
17,Chuck "Cargo Cowboy" Collins,PostMates Express,50004630,$288.90,UNLOADED AND NO REPLACEMENT,
18,Bill "Big Hauler" Bennett,Robin Hood Couriers,84728063,$472.94,UNLOADED,
19,Bill "Big Hauler" Bennett,Robin Hood Couriers,13924246,$450.48,UNLOADED,
19,Donna "Diesel Dynamo" Diaz,FedExpress,52077305,$405.43,UNLOADED,
20,Bill "Big Hauler" Bennett,Robin Hood Couriers,41524704,$53.14,UNLOADED,
20,Donna "Diesel Dynamo" Diaz,FedExpress,44274269,$492.29,UNLOADED,
20,Michelle "Mover Maven" Morgan,X-Files Deliveries,96336054,$489.99,UNLOADED AND NO REPLACEMENT,
21,Bill "Big Hauler" Bennett,Robin Hood Couriers,19533735,$269.43,UNLOADED,
21,Donna "Diesel Dynamo" Diaz,FedExpress,44567301,$309.21,UNLOADED,
22,Bill "Big Hauler" Bennett,Robin Hood Couriers,09911107,$174.01,UNLOADED AND NO REPLACEMENT,
22,Donna "Diesel Dynamo" Diaz,FedExpress,91952892,$489.24,UNLOADED,
22,Gary "Gravel Grinder" Gordon,DinoDash Couriers,79488832,$237.28,UNLOADED,
23,Donna "Diesel Dynamo" Diaz,FedExpress,86248271,$285.93,UNLOADED,
23,Gary "Gravel Grinder" Gordon,DinoDash Couriers,64308967,$112.31,UNLOADED,
24,Donna "Diesel Dynamo" Diaz,FedExpress,96275354,$423.61,UNLOADED,
24,Gary "Gravel Grinder" Gordon,DinoDash Couriers,34775357,$496.90,UNLOADED AND NO REPLACEMENT,
25,Donna "Diesel Dynamo" Diaz,FedExpress,12707470,$391.07,UNLOADED,
26,Donna "Diesel Dynamo" Diaz,FedExpress,91577076,$449.15,UNLOADED,
27,Angela "Axle Ace" Allen,MartianMovers,47669593,$83.41,UNLOADED AND NO REPLACEMENT,
27,Donna "Diesel Dynamo" Diaz,FedExpress,35061417,$210.81,UNLOADED AND NO REPLACEMENT,
28,Pete "Payload" Patterson,DHLuxe Deliveries,46603631,$386.31,UNLOADED,
29,Pete "Payload" Patterson,DHLuxe Deliveries,17080195,$272.64,UNLOADED,
30,Pete "Payload" Patterson,DHLuxe Deliveries,43087140,$216.73,UNLOADED,
30,Ray "Roadway Ranger" Rogers,Boxzilla Shipping,97244588,$342.59,UNLOADED,
31,Pete "Payload" Patterson,DHLuxe Deliveries,45794868,$95.94,UNLOADED,
31,Ray "Roadway Ranger" Rogers,Boxzilla Shipping,95632915,$119.44,UNLOADED,
32,Pete "Payload" Patterson,DHLuxe Deliveries,08637696,$366.80,UNLOADED,
32,Ray "Roadway Ranger" Rogers,Boxzilla Shipping,41756052,$285.47,UNLOADED,
33,Pete "Payload" Patterson,DHLuxe Deliveries,13023751,$187.99,UNLOADED,
33,Ray "Roadway Ranger" Rogers,Boxzilla Shipping,75263926,$188.87,UNLOADED,
33,Larry "Lugnut" Lawson,Bigfoot Shipping,30963829,$467.19,UNLOADED,
34,Pete "Payload" Patterson,DHLuxe Deliveries,27612290,$369.94,UNLOADED,
34,Ray "Roadway Ranger" Rogers,Boxzilla Shipping,20784849,$457.35,UNLOADED,
34,Larry "Lugnut" Lawson,Bigfoot Shipping,63070825,$99.41,UNLOADED,
35,Pete "Payload" Patterson,DHLuxe Deliveries,22790773,$81.55,UNLOADED,
35,Ray "Roadway Ranger" Rogers,Boxzilla Shipping,81978339,$169.12,UNLOADED AND NO REPLACEMENT,
35,Larry "Lugnut" Lawson,Bigfoot Shipping,37499091,$50.27,UNLOADED,
36,Pete "Payload" Patterson,DHLuxe Deliveries,31917764,$101.66,UNLOADED AND NO REPLACEMENT,
36,Terry "Truckin' Terrier" Taylor,DinoDash Couriers,77743491,$299.83,UNLOADED,
36,Larry "Lugnut" Lawson,Bigfoot Shipping,23591288,$169.44,UNLOADED,
37,Grace "Gasoline Gal" Garcia,EcoFlower Express,57371449,$213.00,UNLOADED,
37,Terry "Truckin' Terrier" Taylor,DinoDash Couriers,51711208,$482.63,UNLOADED,
37,Larry "Lugnut" Lawson,Bigfoot Shipping,52004056,$174.11,UNLOADED,
38,Grace "Gasoline Gal" Garcia,EcoFlower Express,49407876,$277.22,UNLOADED AND NO REPLACEMENT,
38,Terry "Truckin' Terrier" Taylor,DinoDash Couriers,55155672,$492.70,UNLOADED,
38,Larry "Lugnut" Lawson,Bigfoot Shipping,58364837,$265.45,UNLOADED AND NO REPLACEMENT,
39,Terry "Truckin' Terrier" Taylor,DinoDash Couriers,18183453,$431.51,UNLOADED,
40,Denise "Diesel Duchess" Davis,FedExpress,16839395,$67.57,UNLOADED,
40,Terry "Truckin' Terrier" Taylor,DinoDash Couriers,72152888,$362.24,UNLOADED,
41,Denise "Diesel Duchess" Davis,FedExpress,61377459,$146.78,UNLOADED,
41,Terry "Truckin' Terrier" Taylor,DinoDash Couriers,50690391,$289.44,UNLOADED,
41,Kim "Kilometer Queen" King,Superhero Supply Service,98425430,$54.90,UNLOADED,
42,Denise "Diesel Duchess" Davis,FedExpress,10356573,$370.65,UNLOADED,
42,Terry "Truckin' Terrier" Taylor,DinoDash Couriers,75396039,$131.20,UNLOADED,
42,Kim "Kilometer Queen" King,Superhero Supply Service,94138420,$465.30,UNLOADED,
43,Denise "Diesel Duchess" Davis,FedExpress,02653018,$359.92,UNLOADED,
43,Terry "Truckin' Terrier" Taylor,DinoDash Couriers,92548629,$170.14,UNLOADED,
43,Kim "Kilometer Queen" King,Superhero Supply Service,64653077,$290.63,UNLOADED,
44,Denise "Diesel Duchess" Davis,FedExpress,65568078,$444.60,UNLOADED,
44,Terry "Truckin' Terrier" Taylor,DinoDash Couriers,59305063,$339.49,UNLOADED AND NO REPLACEMENT,
44,Kim "Kilometer Queen" King,Superhero Supply Service,67782026,$352.81,UNLOADED,
45,Denise "Diesel Duchess" Davis,FedExpress,03407090,$297.36,UNLOADED,
45,Judy "Junction Jockey" Johnson,DinoDash Couriers,59570267,$383.49,UNLOADED,
45,Kim "Kilometer Queen" King,Superhero Supply Service,54303886,$61.45,UNLOADED,
46,Denise "Diesel Duchess" Davis,FedExpress,19908037,$484.47,UNLOADED AND NO REPLACEMENT,
46,Judy "Junction Jockey" Johnson,DinoDash Couriers,54989016,$234.60,UNLOADED,
46,Kim "Kilometer Queen" King,Superhero Supply Service,14059468,$64.95,UNLOADED,
47,Judy "Junction Jockey" Johnson,Robin Hood Couriers,31977395,$260.66,UNLOADED AND NO REPLACEMENT,
47,Judy "Junction Jockey" Johnson,DinoDash Couriers,91593451,$363.43,UNLOADED,
47,Kim "Kilometer Queen" King,Superhero Supply Service,87367633,$120.97,UNLOADED,
"$7,700.00","$26,300.62","$18,600.62",
