Time Increment, Driver's name, Company Name, CrateID, Crate Value, Status
7,Jack "Big Rig" Johnson,KnightShift Deliveries,34251154,$485.95,UNLOADED,
8,Jack "Big Rig" Johnson,KnightShift Deliveries,20789396,$95.86,UNLOADED,
9,Jack "Big Rig" Johnson,KnightShift Deliveries,03441140,$411.25,UNLOADED,
10,Jack "Big Rig" Johnson,KnightShift Deliveries,38855859,$488.91,UNLOADED,
11,Jack "Big Rig" Johnson,KnightShift Deliveries,65455924,$83.13,UNLOADED,
12,Jack "Big Rig" Johnson,KnightShift Deliveries,52828315,$483.71,UNLOADED,
12,Terry "Truckin' Terrier" Taylor,Bigfoot Shipping,46369253,$275.74,UNLOADED,
13,Jack "Big Rig" Johnson,KnightShift Deliveries,89795643,$102.62,UNLOADED,
13,Terry "Truckin' Terrier" Taylor,Bigfoot Shipping,53351679,$294.60,UNLOADED AND NO REPLACEMENT,
13,Mike "Miles" Mitchell,VikingVoyage,69721374,$323.74,UNLOADED,
14,Jack "Big Rig" Johnson,KnightShift Deliveries,05789137,$444.06,UNLOADED,
14,Mike "Miles" Mitchell,VikingVoyage,16599531,$123.42,UNLOADED AND NO REPLACEMENT,
15,Jack "Big Rig" Johnson,KnightShift Deliveries,98352288,$395.55,UNLOADED AND NO REPLACEMENT,
15,Jack "Big Rig" Johnson,Genie in a Parcel,62235817,$430.42,UNLOADED,
16,Jack "Big Rig" Johnson,Genie in a Parcel,94445475,$265.62,UNLOADED,
17,Grace "Gasoline Gal" Garcia,Rainbow Courier,80592237,$343.94,UNLOADED,
17,Jack "Big Rig" Johnson,Genie in a Parcel,13493075,$154.30,UNLOADED,
18,Grace "Gasoline Gal" Garcia,Rainbow Courier,67468896,$148.21,UNLOADED,
18,Jack "Big Rig" Johnson,Genie in a Parcel,30301294,$188.61,UNLOADED,
18,Tom "Tanker King" Turner,BuzzyBee Deliveries,54573016,$110.24,UNLOADED,
19,Grace "Gasoline Gal" Garcia,Rainbow Courier,71680785,$238.92,UNLOADED,
19,Jack "Big Rig" Johnson,Genie in a Parcel,39684724,$230.66,UNLOADED AND NO REPLACEMENT,
19,Tom "Tanker King" Turner,BuzzyBee Deliveries,09104085,$156.51,UNLOADED,
20,Grace "Gasoline Gal" Garcia,Rainbow Courier,00505932,$479.81,UNLOADED,
20,Tom "Tanker King" Turner,BuzzyBee Deliveries,74401167,$422.19,UNLOADED AND NO REPLACEMENT,
21,Grace "Gasoline Gal" Garcia,Rainbow Courier,38006407,$487.22,UNLOADED,
22,Grace "Gasoline Gal" Garcia,Rainbow Courier,35995447,$443.99,UNLOADED,
22,Carl "Caravan Captain" Carr,SpacePenguin Express,49183363,$499.14,UNLOADED,
23,Grace "Gasoline Gal" Garcia,Rainbow Courier,94555789,$83.93,UNLOADED AND NO REPLACEMENT,
23,Carl "Caravan Captain" Carr,SpacePenguin Express,11486316,$333.09,UNLOADED,
24,Carl "Caravan Captain" Carr,SpacePenguin Express,66828837,$267.16,UNLOADED,
25,Carl "Caravan Captain" Carr,DinoDispatch,84442789,$175.86,UNLOADED,
25,Carl "Caravan Captain" Carr,SpacePenguin Express,66699509,$313.66,UNLOADED,
26,Carl "Caravan Captain" Carr,DinoDispatch,38729424,$315.73,UNLOADED,
26,Carl "Caravan Captain" Carr,SpacePenguin Express,59750523,$337.08,UNLOADED,
26,Carla "Gearshift" Greene,NinjaNest Express,48533792,$89.73,UNLOADED,
27,Carl "Caravan Captain" Carr,DinoDispatch,81886564,$184.79,UNLOADED,
27,Carl "Caravan Captain" Carr,SpacePenguin Express,30897053,$459.78,UNLOADED AND NO REPLACEMENT,
27,Carla "Gearshift" Greene,NinjaNest Express,39096084,$201.32,UNLOADED,
27,Nancy "Nitro" Nelson,EcoFlower Express,17091949,$110.98,UNLOADED,
28,Carl "Caravan Captain" Carr,DinoDispatch,72133774,$122.27,UNLOADED,
28,Carla "Gearshift" Greene,NinjaNest Express,43544214,$337.04,UNLOADED,
28,Nancy "Nitro" Nelson,EcoFlower Express,60038329,$175.15,UNLOADED,
29,Carl "Caravan Captain" Carr,DinoDispatch,80002058,$356.22,UNLOADED,
29,Sandra "Semi Siren" Spencer,ThunderTruck Express,30357186,$127.60,UNLOADED,
29,Carla "Gearshift" Greene,NinjaNest Express,98038130,$470.47,UNLOADED AND NO REPLACEMENT,
29,Nancy "Nitro" Nelson,EcoFlower Express,95982787,$406.47,UNLOADED,
30,Carl "Caravan Captain" Carr,DinoDispatch,33065856,$352.03,UNLOADED AND NO REPLACEMENT,
30,Sandra "Semi Siren" Spencer,ThunderTruck Express,94306991,$148.68,UNLOADED AND NO REPLACEMENT,
30,Nancy "Nitro" Nelson,EcoFlower Express,73818032,$83.11,UNLOADED AND NO REPLACEMENT,
31,Bob "Bulldozer" Baxter,Loch Ness Logistics,27671665,$119.93,UNLOADED,
32,Bob "Bulldozer" Baxter,Loch Ness Logistics,17966767,$404.87,UNLOADED,
33,Bob "Bulldozer" Baxter,Loch Ness Logistics,05425117,$308.45,UNLOADED,
33,Doug "Dangerous Curve" Duncan,PostMates Express,89893780,$450.46,UNLOADED,
34,Bob "Bulldozer" Baxter,Loch Ness Logistics,89148203,$101.76,UNLOADED,
34,Doug "Dangerous Curve" Duncan,PostMates Express,29694487,$422.26,UNLOADED,
34,Andrea "Acceleration Ace" Adams,TimeMachine Transport,79644448,$414.02,UNLOADED,
35,Bob "Bulldozer" Baxter,Loch Ness Logistics,81378721,$175.92,UNLOADED,
35,Doug "Dangerous Curve" Duncan,PostMates Express,24500283,$221.75,UNLOADED,
35,Andrea "Acceleration Ace" Adams,TimeMachine Transport,12819814,$177.34,UNLOADED,
35,Rachel "Ramp Runner" Ramirez,Starship Supplies,05703620,$238.36,UNLOADED,
36,Bob "Bulldozer" Baxter,Loch Ness Logistics,90807219,$167.79,UNLOADED,
36,Doug "Dangerous Curve" Duncan,PostMates Express,73064386,$355.09,UNLOADED,
36,Andrea "Acceleration Ace" Adams,TimeMachine Transport,04663025,$315.36,UNLOADED,
36,Rachel "Ramp Runner" Ramirez,Starship Supplies,16651871,$74.16,UNLOADED,
36,Larry "Lugnut" Lawson,DragonWings Express,51480335,$479.93,UNLOADED,
37,Bob "Bulldozer" Baxter,Loch Ness Logistics,29533144,$184.66,UNLOADED,
37,Doug "Dangerous Curve" Duncan,PostMates Express,33122230,$207.85,UNLOADED,
37,Andrea "Acceleration Ace" Adams,TimeMachine Transport,16024729,$406.57,UNLOADED AND NO REPLACEMENT,
37,Rachel "Ramp Runner" Ramirez,Starship Supplies,01876690,$222.81,UNLOADED AND NO REPLACEMENT,
37,Larry "Lugnut" Lawson,DragonWings Express,83617253,$352.92,UNLOADED,
37,Joe "Overdrive" O'Brien,Bigfoot Shipping,25994118,$381.61,UNLOADED,
38,Bob "Bulldozer" Baxter,Loch Ness Logistics,99334798,$374.89,UNLOADED,
38,Doug "Dangerous Curve" Duncan,PostMates Express,41821936,$143.89,UNLOADED,
38,Larry "Lugnut" Lawson,DragonWings Express,72231681,$302.48,UNLOADED AND NO REPLACEMENT,
38,Joe "Overdrive" O'Brien,Bigfoot Shipping,16350236,$91.64,UNLOADED,
39,Bob "Bulldozer" Baxter,Loch Ness Logistics,53256589,$376.87,UNLOADED,
39,Doug "Dangerous Curve" Duncan,PostMates Express,50735556,$174.27,UNLOADED,
39,Joe "Overdrive" O'Brien,Bigfoot Shipping,55230791,$398.62,UNLOADED,
40,Bob "Bulldozer" Baxter,Loch Ness Logistics,48046776,$206.09,UNLOADED AND NO REPLACEMENT,
40,Doug "Dangerous Curve" Duncan,PostMates Express,68488622,$465.85,UNLOADED,
40,Joe "Overdrive" O'Brien,Bigfoot Shipping,93346834,$67.04,UNLOADED AND NO REPLACEMENT,
41,Doug "Dangerous Curve" Duncan,PostMates Express,03243808,$378.72,UNLOADED AND NO REPLACEMENT,
42,Pete "Payload" Patterson,Rainbow Courier,63708567,$480.99,UNLOADED,
43,Pete "Payload" Patterson,Rainbow Courier,07582268,$194.85,UNLOADED,
44,Pete "Payload" Patterson,Rainbow Courier,15095319,$152.03,UNLOADED AND NO REPLACEMENT,
44,Laura "Light Load" Lambert,MagicCarpet Couriers,58537100,$336.16,UNLOADED,
45,Laura "Light Load" Lambert,MagicCarpet Couriers,08995294,$279.79,UNLOADED,
46,Laura "Light Load" Lambert,MagicCarpet Couriers,80930326,$185.76,UNLOADED,
47,Grace "Gasoline Gal" Garcia,ZenZebra Deliveries,39092638,$356.61,UNLOADED,
47,Laura "Light Load" Lambert,MagicCarpet Couriers,03111291,$424.76,UNLOADED,
"$7,300.00","$25,635.65","$18,335.65",
