Time Increment, Driver's name, Company Name, CrateID, Crate Value, Status
7,Carl "Caravan Captain" Carr,Superhero Supply Service,26163397,$126.68,UNLOADED,
8,Carl "Caravan Captain" Carr,Superhero Supply Service,77970927,$326.21,UNLOADED,
9,Carl "Caravan Captain" Carr,Superhero Supply Service,92567705,$243.20,UNLOADED,
10,Carl "Caravan Captain" Carr,Superhero Supply Service,24525178,$320.14,UNLOADED,
10,Pete "Payload" Patterson,ZenZebra Deliveries,50028297,$414.04,UNLOADED,
11,Carl "Caravan Captain" Carr,Superhero Supply Service,37198537,$293.26,UNLOADED AND NO REPLACEMENT,
11,Pete "Payload" Patterson,ZenZebra Deliveries,19654338,$180.16,UNLOADED,
11,Andrea "Acceleration Ace" Adams,Loch Ness Logistics,41107033,$317.04,UNLOADED,
12,Pete "Payload" Patterson,ZenZebra Deliveries,97295376,$235.24,UNLOADED,
12,Andrea "Acceleration Ace" Adams,Loch Ness Logistics,83282761,$288.38,UNLOADED,
13,Pete "Payload" Patterson,ZenZebra Deliveries,04210926,$67.34,UNLOADED AND NO REPLACEMENT,
13,Andrea "Acceleration Ace" Adams,Loch Ness Logistics,32044931,$371.79,UNLOADED,
14,Bill "Big Hauler" Bennett,MonsterMover Express,98002419,$56.05,UNLOADED,
14,Andrea "Acceleration Ace" Adams,Loch Ness Logistics,74668612,$383.11,UNLOADED,
15,Bill "Big Hauler" Bennett,MonsterMover Express,99816905,$365.11,UNLOADED,
15,Andrea "Acceleration Ace" Adams,Loch Ness Logistics,46796868,$339.41,UNLOADED AND NO REPLACEMENT,
16,Bill "Big Hauler" Bennett,MonsterMover Express,96183063,$286.51,UNLOADED,
17,Bill "Big Hauler" Bennett,MonsterMover Express,61639345,$428.91,UNLOADED,
18,Bill "Big Hauler" Bennett,MonsterMover Express,48521159,$185.77,UNLOADED,
18,Donna "Diesel Dynamo" Diaz,ZippityZoo Shipments,49659723,$195.86,UNLOADED,
19,Bill "Big Hauler" Bennett,MonsterMover Express,26990062,$328.52,UNLOADED AND NO REPLACEMENT,
19,Donna "Diesel Dynamo" Diaz,ZippityZoo Shipments,58845601,$494.31,UNLOADED,
20,Donna "Diesel Dynamo" Diaz,ZippityZoo Shipments,12378052,$445.56,UNLOADED,
21,Tim "Tire Tamer" Thompson,Genie in a Parcel,57278084,$123.20,UNLOADED,
21,Donna "Diesel Dynamo" Diaz,ZippityZoo Shipments,47848868,$152.36,UNLOADED,
22,Tim "Tire Tamer" Thompson,Genie in a Parcel,90743594,$299.23,UNLOADED,
22,Donna "Diesel Dynamo" Diaz,ZippityZoo Shipments,05889207,$334.87,UNLOADED,
22,Carl "Caravan Captain" Carr,Robin Hood Couriers,62980445,$330.39,UNLOADED AND NO REPLACEMENT,
23,Tim "Tire Tamer" Thompson,Genie in a Parcel,36224770,$490.06,UNLOADED,
23,Donna "Diesel Dynamo" Diaz,ZippityZoo Shipments,45684939,$273.29,UNLOADED,
24,Tim "Tire Tamer" Thompson,Genie in a Parcel,97133385,$63.48,UNLOADED,
24,Donna "Diesel Dynamo" Diaz,ZippityZoo Shipments,25086717,$384.07,UNLOADED,
25,Tim "Tire Tamer" Thompson,Genie in a Parcel,40129641,$267.92,UNLOADED,
25,Donna "Diesel Dynamo" Diaz,ZippityZoo Shipments,52070247,$353.48,UNLOADED,
26,Tim "Tire Tamer" Thompson,Genie in a Parcel,82882744,$147.59,UNLOADED,
26,Donna "Diesel Dynamo" Diaz,ZippityZoo Shipments,27161178,$228.19,UNLOADED,
27,Tim "Tire Tamer" Thompson,Genie in a Parcel,65127949,$54.70,UNLOADED,
27,Donna "Diesel Dynamo" Diaz,ZippityZoo Shipments,01114897,$175.81,UNLOADED AND NO REPLACEMENT,
28,Tim "Tire Tamer" Thompson,Genie in a Parcel,65459601,$428.44,UNLOADED AND NO REPLACEMENT,
28,Laura "Light Load" Lambert,Robin Hood Couriers,61227148,$140.17,UNLOADED,
29,Carl "Caravan Captain" Carr,Wonderland Couriers,13246971,$420.78,UNLOADED,
29,Laura "Light Load" Lambert,Robin Hood Couriers,50909474,$284.57,UNLOADED,
30,Carl "Caravan Captain" Carr,Wonderland Couriers,51085458,$373.86,UNLOADED,
30,Laura "Light Load" Lambert,Robin Hood Couriers,07443963,$71.82,UNLOADED,
30,Greg "Gritty Grind" Greene,Bigfoot Shipping,34763423,$323.32,UNLOADED,
31,Carl "Caravan Captain" Carr,Wonderland Couriers,43385359,$309.59,UNLOADED AND NO REPLACEMENT,
31,Laura "Light Load" Lambert,Robin Hood Couriers,49348933,$430.66,UNLOADED,
31,Greg "Gritty Grind" Greene,Bigfoot Shipping,49715130,$391.24,UNLOADED,
31,Steve "Silver Streak" Sullivan,GhostlyGoods Couriers,68913239,$142.04,UNLOADED,
32,Roger "Rubber Roadster" Reynolds,MonsterMover Express,77355973,$255.18,UNLOADED,
32,Laura "Light Load" Lambert,Robin Hood Couriers,95799963,$225.27,UNLOADED,
32,Greg "Gritty Grind" Greene,Bigfoot Shipping,98221082,$312.85,UNLOADED,
32,Steve "Silver Streak" Sullivan,GhostlyGoods Couriers,55924637,$419.48,UNLOADED,
33,Roger "Rubber Roadster" Reynolds,MonsterMover Express,00386675,$365.59,UNLOADED,
33,Laura "Light Load" Lambert,Robin Hood Couriers,30199138,$224.60,UNLOADED,
33,Greg "Gritty Grind" Greene,Bigfoot Shipping,43487053,$123.72,UNLOADED,
33,Steve "Silver Streak" Sullivan,GhostlyGoods Couriers,34627181,$477.76,UNLOADED AND NO REPLACEMENT,
33,Judy "Junction Jockey" Johnson,Ewok Express,25290225,$255.83,UNLOADED,
34,Roger "Rubber Roadster" Reynolds,MonsterMover Express,08624374,$443.20,UNLOADED,
34,Laura "Light Load" Lambert,Robin Hood Couriers,70520039,$92.02,UNLOADED,
34,Greg "Gritty Grind" Greene,Bigfoot Shipping,94446759,$223.33,UNLOADED,
34,Judy "Junction Jockey" Johnson,Ewok Express,45303860,$212.59,UNLOADED,
35,Roger "Rubber Roadster" Reynolds,MonsterMover Express,00376579,$347.96,UNLOADED,
35,Laura "Light Load" Lambert,Robin Hood Couriers,92817841,$399.76,UNLOADED AND NO REPLACEMENT,
35,Greg "Gritty Grind" Greene,Bigfoot Shipping,29768973,$230.04,UNLOADED,
35,Michelle "Midnight Rider" Martinez,KnightShift Deliveries,32141791,$283.31,UNLOADED,
35,Judy "Junction Jockey" Johnson,Ewok Express,64432361,$295.91,UNLOADED,
36,Roger "Rubber Roadster" Reynolds,MonsterMover Express,98112168,$397.00,UNLOADED,
36,Greg "Gritty Grind" Greene,Bigfoot Shipping,24685924,$474.61,UNLOADED AND NO REPLACEMENT,
36,Michelle "Midnight Rider" Martinez,KnightShift Deliveries,32163696,$268.49,UNLOADED AND NO REPLACEMENT,
36,Judy "Junction Jockey" Johnson,Ewok Express,59818769,$179.50,UNLOADED,
37,Roger "Rubber Roadster" Reynolds,MonsterMover Express,96289029,$82.69,UNLOADED,
37,Judy "Junction Jockey" Johnson,Ewok Express,54292790,$401.65,UNLOADED AND NO REPLACEMENT,
38,Roger "Rubber Roadster" Reynolds,MonsterMover Express,22050126,$110.68,UNLOADED,
38,Judy "Junction Jockey" Johnson,BubbleWrap Express,36798581,$446.98,UNLOADED,
39,Roger "Rubber Roadster" Reynolds,MonsterMover Express,11152976,$408.69,UNLOADED,
39,Judy "Junction Jockey" Johnson,BubbleWrap Express,86446284,$231.54,UNLOADED,
40,Roger "Rubber Roadster" Reynolds,MonsterMover Express,87262102,$68.06,UNLOADED,
40,Judy "Junction Jockey" Johnson,BubbleWrap Express,32582576,$196.45,UNLOADED,
41,Roger "Rubber Roadster" Reynolds,MonsterMover Express,32635448,$282.75,UNLOADED AND NO REPLACEMENT,
41,Judy "Junction Jockey" Johnson,BubbleWrap Express,10749494,$81.00,UNLOADED,
42,Judy "Junction Jockey" Johnson,BubbleWrap Express,66015235,$316.07,UNLOADED AND NO REPLACEMENT,
"$6,700.00","$22,822.29","$16,122.29",
