Time Increment, Driver's name, Company Name, CrateID, Crate Value, Status
6,Ray "Roadway Ranger" Rogers,PixieParcel,60260772,$443.40,UNLOADED,
7,Ray "Roadway Ranger" Rogers,PixieParcel,61854900,$181.80,UNLOADED,
7,Bob "Bulldozer" Baxter,MonsterMover Express,49363434,$129.21,UNLOADED,
8,Ray "Roadway Ranger" Rogers,PixieParcel,43212450,$173.48,UNLOADED,
8,Bob "Bulldozer" Baxter,MonsterMover Express,30177916,$98.99,UNLOADED,
9,Ray "Roadway Ranger" Rogers,PixieParcel,42362018,$311.48,UNLOADED,
9,Bob "Bulldozer" Baxter,MonsterMover Express,20624680,$377.44,UNLOADED,
10,Ray "Roadway Ranger" Rogers,PixieParcel,04996868,$490.86,UNLOADED,
10,Bob "Bulldozer" Baxter,MonsterMover Express,14981581,$445.02,UNLOADED,
10,Holly "Haulin' Queen" Hayes,KnightShift Deliveries,60295174,$94.23,UNLOADED AND NO REPLACEMENT,
11,Ray "Roadway Ranger" Rogers,PixieParcel,88819423,$449.63,UNLOADED,
11,Bob "Bulldozer" Baxter,MonsterMover Express,36177760,$70.64,UNLOADED,
12,Ray "Roadway Ranger" Rogers,PixieParcel,92884493,$293.49,UNLOADED,
12,Bob "Bulldozer" Baxter,MonsterMover Express,71685044,$337.01,UNLOADED,
13,Ray "Roadway Ranger" Rogers,PixieParcel,56250794,$192.87,UNLOADED,
13,Bob "Bulldozer" Baxter,MonsterMover Express,94297723,$271.56,UNLOADED AND NO REPLACEMENT,
14,Ray "Roadway Ranger" Rogers,PixieParcel,16557566,$143.61,UNLOADED,
15,Ray "Roadway Ranger" Rogers,PixieParcel,72546942,$69.23,UNLOADED AND NO REPLACEMENT,
19,Tom "Tanker King" Turner,Loch Ness Logistics,00560405,$294.20,UNLOADED,
20,Tom "Tanker King" Turner,Loch Ness Logistics,62691950,$386.29,UNLOADED AND NO REPLACEMENT,
24,Lisa "Long Haul" Lawrence,JollyRoger Delivery,77900874,$217.19,UNLOADED,
25,Lisa "Long Haul" Lawrence,JollyRoger Delivery,71806706,$496.87,UNLOADED,
26,Lisa "Long Haul" Lawrence,JollyRoger Delivery,39809175,$125.37,UNLOADED,
27,Lisa "Long Haul" Lawrence,JollyRoger Delivery,14582538,$144.79,UNLOADED,
27,Wayne "Wheeler Warrior" Warren,SpacePenguin Express,63724995,$487.83,UNLOADED,
28,Lisa "Long Haul" Lawrence,JollyRoger Delivery,06277646,$415.18,UNLOADED AND NO REPLACEMENT,
28,Wayne "Wheeler Warrior" Warren,SpacePenguin Express,09591655,$346.26,UNLOADED,
28,Jack "Big Rig" Johnson,TimeMachine Transport,49293472,$137.55,UNLOADED,
29,Wayne "Wheeler Warrior" Warren,SpacePenguin Express,56931599,$219.72,UNLOADED,
29,Jack "Big Rig" Johnson,TimeMachine Transport,31141285,$310.62,UNLOADED AND NO REPLACEMENT,
30,Wayne "Wheeler Warrior" Warren,SpacePenguin Express,95219715,$293.83,UNLOADED,
31,Tim "Tire Tamer" Thompson,Boxzilla Shipping,21067986,$80.95,UNLOADED,
31,Wayne "Wheeler Warrior" Warren,SpacePenguin Express,79616985,$193.64,UNLOADED AND NO REPLACEMENT,
32,Tim "Tire Tamer" Thompson,Boxzilla Shipping,14214492,$125.52,UNLOADED,
33,Tim "Tire Tamer" Thompson,Boxzilla Shipping,60327655,$132.83,UNLOADED AND NO REPLACEMENT,
34,Michelle "Mover Maven" Morgan,Ewok Express,08508584,$440.99,UNLOADED,
35,Michelle "Mover Maven" Morgan,Ewok Express,84507115,$221.31,UNLOADED,
36,Michelle "Mover Maven" Morgan,Ewok Express,96289390,$194.72,UNLOADED,
36,Joe "Overdrive" O'Brien,SecretAgent Shipping,81505216,$443.11,UNLOADED,
37,Michelle "Mover Maven" Morgan,Ewok Express,56311414,$241.46,UNLOADED,
37,Joe "Overdrive" O'Brien,SecretAgent Shipping,74619244,$491.21,UNLOADED,
38,Michelle "Mover Maven" Morgan,Ewok Express,66886205,$336.35,UNLOADED,
38,Joe "Overdrive" O'Brien,SecretAgent Shipping,01746751,$412.57,UNLOADED,
38,Angela "Axle Ace" Allen,BuzzyBee Deliveries,01863056,$430.68,UNLOADED,
39,Michelle "Mover Maven" Morgan,Ewok Express,90652170,$475.00,UNLOADED,
39,Joe "Overdrive" O'Brien,SecretAgent Shipping,70873797,$247.09,UNLOADED AND NO REPLACEMENT,
39,Angela "Axle Ace" Allen,BuzzyBee Deliveries,20924918,$109.72,UNLOADED,
40,Michelle "Mover Maven" Morgan,Ewok Express,65587813,$136.89,UNLOADED,
40,Angela "Axle Ace" Allen,BuzzyBee Deliveries,33822629,$208.31,UNLOADED,
41,Michelle "Mover Maven" Morgan,Ewok Express,10217538,$231.03,UNLOADED,
41,Angela "Axle Ace" Allen,BuzzyBee Deliveries,00892700,$101.10,UNLOADED,
42,Michelle "Mover Maven" Morgan,Ewok Express,63014223,$156.62,UNLOADED AND NO REPLACEMENT,
42,Angela "Axle Ace" Allen,BuzzyBee Deliveries,89697821,$453.54,UNLOADED,
43,Angela "Axle Ace" Allen,BuzzyBee Deliveries,10348485,$220.46,UNLOADED,
44,Angela "Axle Ace" Allen,BuzzyBee Deliveries,58128971,$382.35,UNLOADED,
45,Angela "Axle Ace" Allen,BuzzyBee Deliveries,28225408,$231.24,UNLOADED AND NO REPLACEMENT,
"$4,500.00","$15,148.34","$10,648.34",
