Time Increment, Driver's name, Company Name, CrateID, Crate Value, Status
0,Sarah "Steel Horse" Smith,PirateParcel Plunder,14340144,$479.36,UNLOADED,
1,Sarah "Steel Horse" Smith,PirateParcel Plunder,01716969,$125.42,UNLOADED,
2,Sarah "Steel Horse" Smith,PirateParcel Plunder,55139696,$211.42,UNLOADED,
3,Sarah "Steel Horse" Smith,PirateParcel Plunder,14595788,$208.33,UNLOADED,
4,Sarah "Steel Horse" Smith,PirateParcel Plunder,12034846,$445.40,UNLOADED AND NO REPLACEMENT,
5,Holly "Haulin' Queen" Hayes,DHLuxe Deliveries,33003056,$499.41,UNLOADED,
6,Holly "Haulin' Queen" Hayes,DHLuxe Deliveries,42641342,$72.33,UNLOADED,
7,Holly "Haulin' Queen" Hayes,DHLuxe Deliveries,74863410,$304.45,UNLOADED AND NO REPLACEMENT,
8,Larry "Lugnut" Lawson,SecretAgent Shipping,96026166,$396.94,UNLOADED,
9,Larry "Lugnut" Lawson,SecretAgent Shipping,15140934,$346.02,UNLOADED AND NO REPLACEMENT,
10,Denise "Diesel Duchess" Davis,EcoFlower Express,65510272,$263.47,UNLOADED,
11,Denise "Diesel Duchess" Davis,EcoFlower Express,71584073,$298.76,UNLOADED,
12,Denise "Diesel Duchess" Davis,EcoFlower Express,62120568,$175.80,UNLOADED,
13,Denise "Diesel Duchess" Davis,EcoFlower Express,30253228,$176.30,UNLOADED AND NO REPLACEMENT,
14,Steve "Silver Streak" Sullivan,Starship Supplies,60416330,$111.86,UNLOADED,
15,Steve "Silver Streak" Sullivan,Starship Supplies,69650033,$183.79,UNLOADED,
16,Steve "Silver Streak" Sullivan,Starship Supplies,15031002,$306.32,UNLOADED,
17,Steve "Silver Streak" Sullivan,Starship Supplies,27769460,$482.22,UNLOADED,
18,Steve "Silver Streak" Sullivan,Starship Supplies,22755941,$440.81,UNLOADED,
19,Steve "Silver Streak" Sullivan,Starship Supplies,60452829,$155.84,UNLOADED AND NO REPLACEMENT,
20,Ray "Roadway Ranger" Rogers,FairyWings Express,67569717,$427.91,UNLOADED AND NO REPLACEMENT,
21,Roger "Rubber Roadster" Reynolds,TimeWarp Deliveries,13379045,$451.34,UNLOADED,
22,Roger "Rubber Roadster" Reynolds,TimeWarp Deliveries,23128363,$166.47,UNLOADED,
23,Roger "Rubber Roadster" Reynolds,TimeWarp Deliveries,90439500,$114.41,UNLOADED,
24,Roger "Rubber Roadster" Reynolds,TimeWarp Deliveries,65008974,$455.99,UNLOADED,
25,Roger "Rubber Roadster" Reynolds,TimeWarp Deliveries,37669410,$417.14,UNLOADED,
26,Roger "Rubber Roadster" Reynolds,TimeWarp Deliveries,79209897,$122.46,UNLOADED,
27,Roger "Rubber Roadster" Reynolds,TimeWarp Deliveries,22292070,$296.56,UNLOADED,
28,Roger "Rubber Roadster" Reynolds,TimeWarp Deliveries,62956652,$59.86,UNLOADED AND NO REPLACEMENT,
29,Terry "Truckin' Terrier" Taylor,MonsterMover Express,72538786,$403.72,UNLOADED,
30,Terry "Truckin' Terrier" Taylor,MonsterMover Express,29404154,$239.70,UNLOADED,
31,Terry "Truckin' Terrier" Taylor,MonsterMover Express,65532838,$160.02,UNLOADED,
32,Terry "Truckin' Terrier" Taylor,MonsterMover Express,77287791,$185.11,UNLOADED,
33,Terry "Truckin' Terrier" Taylor,MonsterMover Express,25524593,$435.29,UNLOADED,
34,Terry "Truckin' Terrier" Taylor,MonsterMover Express,66106745,$245.79,UNLOADED AND NO REPLACEMENT,
35,Laura "Light Load" Lambert,Rainbow Courier,24235856,$380.74,UNLOADED,
36,Laura "Light Load" Lambert,Rainbow Courier,62150046,$313.30,UNLOADED,
37,Laura "Light Load" Lambert,Rainbow Courier,65170086,$399.94,UNLOADED,
38,Laura "Light Load" Lambert,Rainbow Courier,07279414,$162.10,UNLOADED,
39,Laura "Light Load" Lambert,Rainbow Courier,96428018,$78.59,UNLOADED,
40,Laura "Light Load" Lambert,Rainbow Courier,09182402,$211.32,UNLOADED,
41,Laura "Light Load" Lambert,Rainbow Courier,44533837,$403.21,UNLOADED,
42,Laura "Light Load" Lambert,Rainbow Courier,00672259,$370.45,UNLOADED AND NO REPLACEMENT,
43,Tom "Tanker King" Turner,ZippityZoo Shipments,95429915,$328.04,UNLOADED,
44,Tom "Tanker King" Turner,ZippityZoo Shipments,08150634,$266.30,UNLOADED,
45,Tom "Tanker King" Turner,ZippityZoo Shipments,77857012,$437.33,UNLOADED,
46,Tom "Tanker King" Turner,ZippityZoo Shipments,75517832,$274.19,UNLOADED,
47,Tom "Tanker King" Turner,ZippityZoo Shipments,94565822,$407.93,UNLOADED,
"$3,900.00","$13,899.46","$9,999.46",
