Time Increment, Driver's name, Company Name, CrateID, Crate Value, Status
0,Amber "Asphalt Angel" Anderson,Rainbow Courier,70826016,$239.32,UNLOADED,
1,Amber "Asphalt Angel" Anderson,Rainbow Courier,39338783,$430.15,UNLOADED AND NO REPLACEMENT,
2,Sarah "Steel Horse" Smith,PurrfectParcel,86960300,$219.82,UNLOADED,
3,Sarah "Steel Horse" Smith,PurrfectParcel,80229975,$237.64,UNLOADED,
4,Sarah "Steel Horse" Smith,PurrfectParcel,33024144,$322.10,UNLOADED AND NO REPLACEMENT,
6,Lisa "Long Haul" Lawrence,DragonWings Express,45005535,$494.41,UNLOADED,
7,Lisa "Long Haul" Lawrence,DragonWings Express,20874364,$212.74,UNLOADED,
8,Lisa "Long Haul" Lawrence,DragonWings Express,42434058,$155.53,UNLOADED,
8,Nancy "Nitro" Nelson,MartianMovers,07486360,$325.69,UNLOADED,
9,Lisa "Long Haul" Lawrence,DragonWings Express,99039385,$198.09,UNLOADED,
9,Nancy "Nitro" Nelson,MartianMovers,67716981,$428.63,UNLOADED,
10,Lisa "Long Haul" Lawrence,DragonWings Express,32781661,$142.43,UNLOADED,
10,Nancy "Nitro" Nelson,MartianMovers,09874527,$63.40,UNLOADED,
10,Greg "Gritty Grind" Greene,TimeMachine Transport,79599864,$102.28,UNLOADED,
11,Lisa "Long Haul" Lawrence,DragonWings Express,71395147,$273.05,UNLOADED,
11,Nancy "Nitro" Nelson,MartianMovers,79476386,$492.75,UNLOADED,
11,Greg "Gritty Grind" Greene,TimeMachine Transport,38722520,$336.94,UNLOADED,
12,Lisa "Long Haul" Lawrence,DragonWings Express,08098573,$389.48,UNLOADED AND NO REPLACEMENT,
12,Nancy "Nitro" Nelson,MartianMovers,77385315,$481.50,UNLOADED AND NO REPLACEMENT,
12,Greg "Gritty Grind" Greene,TimeMachine Transport,09849688,$449.05,UNLOADED,
13,Bill "Big Hauler" Bennett,PurrfectParcel,14299939,$90.87,UNLOADED,
13,Greg "Gritty Grind" Greene,TimeMachine Transport,82286610,$498.51,UNLOADED,
14,Bill "Big Hauler" Bennett,PurrfectParcel,18549986,$54.26,UNLOADED AND NO REPLACEMENT,
14,Emily "Express Lane" Ellis,Amazonia Deliveries,18481060,$433.33,UNLOADED,
14,Greg "Gritty Grind" Greene,TimeMachine Transport,48179852,$97.94,UNLOADED,
15,Bob "Bulldozer" Baxter,SpacePenguin Express,70370930,$164.79,UNLOADED,
15,Emily "Express Lane" Ellis,Amazonia Deliveries,41256322,$93.79,UNLOADED,
15,Greg "Gritty Grind" Greene,TimeMachine Transport,18998486,$168.24,UNLOADED,
16,Bob "Bulldozer" Baxter,SpacePenguin Express,42385714,$314.70,UNLOADED,
16,Emily "Express Lane" Ellis,Amazonia Deliveries,45487162,$210.91,UNLOADED,
16,Greg "Gritty Grind" Greene,TimeMachine Transport,35149316,$490.47,UNLOADED,
16,Wayne "Wheeler Warrior" Warren,Bigfoot Shipping,35903618,$316.61,UNLOADED,
17,Bob "Bulldozer" Baxter,SpacePenguin Express,50386815,$165.55,UNLOADED,
17,Emily "Express Lane" Ellis,Amazonia Deliveries,37701856,$301.60,UNLOADED,
17,Greg "Gritty Grind" Greene,TimeMachine Transport,97550203,$56.80,UNLOADED AND NO REPLACEMENT,
17,Wayne "Wheeler Warrior" Warren,Bigfoot Shipping,77442648,$147.04,UNLOADED,
18,Bob "Bulldozer" Baxter,SpacePenguin Express,13172385,$333.56,UNLOADED,
18,Emily "Express Lane" Ellis,Amazonia Deliveries,75709009,$196.30,UNLOADED,
18,Wayne "Wheeler Warrior" Warren,Bigfoot Shipping,88767508,$294.56,UNLOADED,
19,Bob "Bulldozer" Baxter,SpacePenguin Express,77537326,$262.69,UNLOADED,
19,Emily "Express Lane" Ellis,Amazonia Deliveries,14700210,$358.40,UNLOADED,
19,Larry "Lugnut" Lawson,PurrfectParcel,30662794,$421.77,UNLOADED,
19,Wayne "Wheeler Warrior" Warren,Bigfoot Shipping,23088640,$291.81,UNLOADED,
20,Bob "Bulldozer" Baxter,SpacePenguin Express,38234370,$348.02,UNLOADED AND NO REPLACEMENT,
20,Emily "Express Lane" Ellis,Amazonia Deliveries,88584875,$169.20,UNLOADED,
20,Larry "Lugnut" Lawson,PurrfectParcel,14203372,$424.60,UNLOADED,
20,Wayne "Wheeler Warrior" Warren,Bigfoot Shipping,86349781,$74.04,UNLOADED,
20,Roger "Rubber Roadster" Reynolds,SpacePenguin Express,47518982,$234.53,UNLOADED,
21,Tim "Tire Tamer" Thompson,Robin Hood Couriers,23398556,$424.67,UNLOADED,
21,Emily "Express Lane" Ellis,Amazonia Deliveries,51678143,$470.56,UNLOADED AND NO REPLACEMENT,
21,Larry "Lugnut" Lawson,PurrfectParcel,76624809,$450.64,UNLOADED,
21,Wayne "Wheeler Warrior" Warren,Bigfoot Shipping,09691827,$118.41,UNLOADED AND NO REPLACEMENT,
21,Roger "Rubber Roadster" Reynolds,SpacePenguin Express,11174885,$384.80,UNLOADED AND NO REPLACEMENT,
22,Tim "Tire Tamer" Thompson,Robin Hood Couriers,91755482,$310.15,UNLOADED,
22,Judy "Junction Jockey" Johnson,PurrfectParcel,26130418,$436.65,UNLOADED,
22,Larry "Lugnut" Lawson,PurrfectParcel,41978961,$433.34,UNLOADED,
23,Tim "Tire Tamer" Thompson,Robin Hood Couriers,96897429,$429.08,UNLOADED AND NO REPLACEMENT,
23,Judy "Junction Jockey" Johnson,PurrfectParcel,83944525,$433.93,UNLOADED,
23,Larry "Lugnut" Lawson,PurrfectParcel,95436274,$176.66,UNLOADED,
23,Grace "Gasoline Gal" Garcia,PurrfectParcel,02340774,$413.49,UNLOADED,
24,Laura "Light Load" Lambert,PostMates Express,73132068,$307.93,UNLOADED,
24,Judy "Junction Jockey" Johnson,PurrfectParcel,01577835,$473.61,UNLOADED,
24,Larry "Lugnut" Lawson,PurrfectParcel,35328716,$108.67,UNLOADED,
24,Grace "Gasoline Gal" Garcia,PurrfectParcel,94487306,$183.87,UNLOADED,
25,Laura "Light Load" Lambert,PostMates Express,00870866,$98.94,UNLOADED,
25,Judy "Junction Jockey" Johnson,PurrfectParcel,05154848,$397.63,UNLOADED AND NO REPLACEMENT,
25,Larry "Lugnut" Lawson,PurrfectParcel,27231118,$376.20,UNLOADED AND NO REPLACEMENT,
25,Grace "Gasoline Gal" Garcia,PurrfectParcel,02311552,$95.79,UNLOADED,
26,Laura "Light Load" Lambert,PostMates Express,18114538,$356.84,UNLOADED,
26,Grace "Gasoline Gal" Garcia,PurrfectParcel,09251167,$182.98,UNLOADED,
27,Laura "Light Load" Lambert,PostMates Express,42248851,$390.18,UNLOADED,
27,Carl "Caravan Captain" Carr,JollyRoger Delivery,06711456,$468.87,UNLOADED AND NO REPLACEMENT,
27,Grace "Gasoline Gal" Garcia,PurrfectParcel,41829105,$353.21,UNLOADED AND NO REPLACEMENT,
28,Laura "Light Load" Lambert,PostMates Express,70213532,$273.66,UNLOADED,
28,Mark "Mud Mover" Morris,PostMates Express,23699531,$393.90,UNLOADED,
29,Laura "Light Load" Lambert,PostMates Express,62291299,$260.80,UNLOADED AND NO REPLACEMENT,
29,Mark "Mud Mover" Morris,PostMates Express,80982404,$131.60,UNLOADED,
30,Mark "Mud Mover" Morris,PostMates Express,04053562,$404.57,UNLOADED,
31,Mark "Mud Mover" Morris,PostMates Express,56717841,$349.60,UNLOADED,
32,Amber "Asphalt Angel" Anderson,Wonderland Couriers,23152429,$480.03,UNLOADED,
32,Mark "Mud Mover" Morris,PostMates Express,36185643,$413.09,UNLOADED,
33,Amber "Asphalt Angel" Anderson,Wonderland Couriers,81810404,$129.99,UNLOADED,
33,Mark "Mud Mover" Morris,PostMates Express,98195822,$426.66,UNLOADED,
34,Amber "Asphalt Angel" Anderson,Wonderland Couriers,92633376,$361.38,UNLOADED,
34,Mark "Mud Mover" Morris,PostMates Express,05374336,$323.13,UNLOADED,
35,Amber "Asphalt Angel" Anderson,Wonderland Couriers,12565208,$380.45,UNLOADED,
35,Mark "Mud Mover" Morris,PostMates Express,72011394,$349.77,UNLOADED,
36,Amber "Asphalt Angel" Anderson,Wonderland Couriers,00035698,$253.31,UNLOADED,
36,Mark "Mud Mover" Morris,PostMates Express,82344210,$477.50,UNLOADED,
36,Donna "Diesel Dynamo" Diaz,KnightShift Deliveries,31652296,$256.75,UNLOADED,
37,Amber "Asphalt Angel" Anderson,Wonderland Couriers,81310415,$290.84,UNLOADED AND NO REPLACEMENT,
37,Mark "Mud Mover" Morris,PostMates Express,58054214,$400.75,UNLOADED AND NO REPLACEMENT,
37,Donna "Diesel Dynamo" Diaz,KnightShift Deliveries,24414070,$159.42,UNLOADED,
37,Sarah "Steel Horse" Smith,NinjaNest Express,57746397,$239.34,UNLOADED,
38,Frank "Highway Hero" Harris,BubbleWrap Express,81320950,$345.97,UNLOADED,
38,Donna "Diesel Dynamo" Diaz,KnightShift Deliveries,25037480,$157.09,UNLOADED AND NO REPLACEMENT,
38,Sarah "Steel Horse" Smith,NinjaNest Express,55874549,$266.03,UNLOADED,
39,Frank "Highway Hero" Harris,BubbleWrap Express,02898593,$124.90,UNLOADED,
39,Sarah "Steel Horse" Smith,NinjaNest Express,58706460,$246.83,UNLOADED,
40,Frank "Highway Hero" Harris,BubbleWrap Express,37710289,$398.64,UNLOADED,
40,Terry "Truckin' Terrier" Taylor,Wonderland Couriers,94601893,$457.38,UNLOADED,
40,Sarah "Steel Horse" Smith,NinjaNest Express,73120320,$50.57,UNLOADED,
41,Frank "Highway Hero" Harris,BubbleWrap Express,02167658,$207.27,UNLOADED,
41,Terry "Truckin' Terrier" Taylor,Wonderland Couriers,23721224,$266.07,UNLOADED,
41,Sarah "Steel Horse" Smith,NinjaNest Express,10981560,$376.67,UNLOADED,
42,Frank "Highway Hero" Harris,BubbleWrap Express,44848218,$161.89,UNLOADED,
42,Terry "Truckin' Terrier" Taylor,Wonderland Couriers,48426470,$304.08,UNLOADED,
42,Sarah "Steel Horse" Smith,NinjaNest Express,51414778,$395.42,UNLOADED AND NO REPLACEMENT,
43,Frank "Highway Hero" Harris,BubbleWrap Express,47910616,$432.31,UNLOADED,
43,Terry "Truckin' Terrier" Taylor,Wonderland Couriers,37663046,$480.12,UNLOADED,
44,Frank "Highway Hero" Harris,BubbleWrap Express,55479482,$184.38,UNLOADED,
44,Terry "Truckin' Terrier" Taylor,Wonderland Couriers,22208546,$452.00,UNLOADED AND NO REPLACEMENT,
45,Frank "Highway Hero" Harris,BubbleWrap Express,30894208,$431.96,UNLOADED,
45,Michelle "Midnight Rider" Martinez,DragonWings Express,36480068,$277.23,UNLOADED,
46,Frank "Highway Hero" Harris,BubbleWrap Express,63913595,$282.31,UNLOADED AND NO REPLACEMENT,
46,Michelle "Midnight Rider" Martinez,DragonWings Express,25372348,$59.42,UNLOADED,
47,Michelle "Midnight Rider" Martinez,DragonWings Express,20930485,$89.31,UNLOADED,
"$9,500.00","$34,491.38","$24,991.38",
